nconst	primaryName	birthYear	deathYear	primaryProfession	knownForTitles
nm0000001	Fred Astaire	1899	1987	soundtrack,actor,miscellaneous	tt0072308,tt0043044,tt0050419,tt0053137
nm0000002	Lauren Bacall	1924	2014	actress,soundtrack	tt0038355,tt0040506,tt0037382,tt0117057
nm0000003	Brigitte Bardot	1934	\N	actress,soundtrack,producer	tt0059956,tt0049189,tt0057345,tt0063715
nm0000004	John Belushi	1949	1982	actor,writer,soundtrack	tt0072562,tt0080455,tt0078723,tt0077975
nm0000005	Ingmar Bergman	1918	2007	writer,director,actor	tt0050976,tt0050986,tt0083922,tt0060827
nm0000006	Ingrid Bergman	1915	1982	actress,soundtrack,producer	tt0071877,tt0034583,tt0038109,tt0038787
nm0000007	Humphrey Bogart	1899	1957	actor,soundtrack,producer	tt0040897,tt0034583,tt0038355,tt0033870
nm0000008	Marlon Brando	1924	2004	actor,soundtrack,director	tt0078346,tt0068646,tt0078788,tt0047296
nm0000009	Richard Burton	1925	1984	actor,producer,soundtrack	tt0057877,tt0061184,tt0087803,tt0065207
nm0000010	James Cagney	1899	1986	actor,soundtrack,director	tt0042041,tt0029870,tt0035575,tt0055256
nm0000011	Gary Cooper	1901	1961	actor,soundtrack,producer	tt0033891,tt0049233,tt0027996,tt0044706
nm0000012	Bette Davis	1908	1989	actress,soundtrack,make_up_department	tt0056687,tt0042192,tt0035140,tt0030287
nm0000013	Doris Day	1922	\N	soundtrack,actress,producer	tt2073386,tt0117665,tt0062558,tt0049470
nm0000014	Olivia de Havilland	1916	\N	actress,soundtrack	tt0058213,tt0041452,tt0031381,tt0029843
nm0000015	James Dean	1931	1955	actor,miscellaneous	tt0045395,tt0048028,tt0048545,tt0049261
nm0000016	Georges Delerue	1925	1992	composer,soundtrack,music_department	tt0069946,tt0096320,tt0091763,tt0079477
nm0000017	Marlene Dietrich	1901	1992	soundtrack,actress,music_department	tt0055031,tt0042994,tt0051201,tt0020697
nm0000018	Kirk Douglas	1916	\N	actor,producer,soundtrack	tt0043465,tt0049456,tt0044391,tt0054331
nm0000019	Federico Fellini	1920	1993	writer,director,assistant_director	tt0071129,tt0056801,tt0053779,tt0050783
nm0000020	Henry Fonda	1905	1982	actor,producer,soundtrack	tt0064116,tt0032551,tt0050083,tt0052462
nm0000021	Joan Fontaine	1917	2013	actress,soundtrack,producer	tt0044760,tt0040536,tt0034248,tt0032976
nm0000022	Clark Gable	1901	1960	actor,soundtrack,producer	tt0026752,tt0055184,tt0031381,tt0025316
nm0000023	Judy Garland	1922	1969	soundtrack,actress	tt0040308,tt0047522,tt0032138,tt0037059
nm0000024	John Gielgud	1904	2000	actor,writer,director	tt0045943,tt0071877,tt0076574,tt0082031
nm0000025	Jerry Goldsmith	1929	2004	music_department,soundtrack,composer	tt0112178,tt0100802,tt0092455,tt0120762
nm0000026	Cary Grant	1904	1986	actor,soundtrack,producer	tt0038787,tt0053125,tt0056923,tt0032599
nm0000027	Alec Guinness	1914	2000	actor,soundtrack,writer	tt0050212,tt0076759,tt0041546,tt0051739
nm0000028	Rita Hayworth	1918	1987	actress,soundtrack,producer	tt0036723,tt0038559,tt0050815,tt0040525
nm0000029	Margaux Hemingway	1954	1996	actress,miscellaneous	tt0074802,tt0087864,tt0084786,tt0077800
nm0000030	Audrey Hepburn	1929	1993	actress,soundtrack	tt0047437,tt0046250,tt0058385,tt0054698
nm0000031	Katharine Hepburn	1907	2003	actress,soundtrack,writer	tt0061735,tt0032904,tt0043265,tt0063227
nm0000032	Charlton Heston	1923	2008	actor,director,writer	tt0052618,tt0063442,tt0250764,tt0052311
nm0000033	Alfred Hitchcock	1899	1980	actor,director,producer	tt0047396,tt0053125,tt0054215,tt0052357
nm0000034	William Holden	1918	1981	actor,soundtrack	tt0050212,tt0043014,tt0074958,tt0065214
nm0000035	James Horner	1953	2015	music_department,soundtrack,composer	tt0112573,tt0499549,tt0120338,tt0948470
nm0000036	Buster Keaton	1895	1966	actor,writer,director	tt0016332,tt0017925,tt0018742,tt0019421
nm0000037	Gene Kelly	1912	1996	soundtrack,actor,director	tt0041716,tt0041944,tt0043278,tt0045152
nm0000038	Grace Kelly	1929	1982	actress,soundtrack	tt0047396,tt0048728,tt0044706,tt0046912
nm0000039	Deborah Kerr	1921	2007	actress,soundtrack	tt0039192,tt0045793,tt0049408,tt0050490
nm0000040	Stanley Kubrick	1928	1999	director,writer,producer	tt0066921,tt0120663,tt0072684,tt0062622
nm0000041	Akira Kurosawa	1910	1998	writer,director,assistant_director	tt0089881,tt0047478,tt0042876,tt0055630
nm0000042	Alan Ladd	1913	1964	actor,producer,camera_department	tt0035432,tt0052097,tt0046303,tt0038369
nm0000043	Veronica Lake	1922	1973	actress,soundtrack,producer	tt0034240,tt0038369,tt0035432,tt0034881
nm0000044	Burt Lancaster	1913	1994	actor,producer,miscellaneous	tt0055031,tt0080388,tt0057091,tt0045793
nm0000045	Bruce Lee	1940	1973	actor,miscellaneous,producer	tt0067824,tt0070034,tt0068935,tt0068767
nm0000046	Vivien Leigh	1913	1967	actress,soundtrack,writer	tt0033238,tt0031381,tt0044081,tt0059712
nm0000047	Sophia Loren	1934	\N	actress,soundtrack	tt0076085,tt0054749,tt0057171,tt0054847
nm0000048	Peter Lorre	1904	1964	actor,soundtrack,writer	tt0034583,tt0033870,tt0025452,tt0022100
nm0000049	Henry Mancini	1924	1994	music_department,soundtrack,composer	tt0057413,tt0054698,tt0051301,tt0056059
nm0000050	Groucho Marx	1890	1977	soundtrack,actor,writer	tt0023969,tt0020640,tt0042171,tt0026778
nm0000051	James Mason	1909	1984	actor,producer,writer	tt0047522,tt0046672,tt0056193,tt0053125
nm0000052	Marcello Mastroianni	1924	1996	actor,soundtrack,producer	tt0056801,tt0054130,tt0055913,tt0053779
nm0000053	Robert Mitchum	1917	1997	actor,soundtrack,producer	tt0056197,tt0048424,tt0039689,tt0050490
nm0000054	Marilyn Monroe	1926	1962	soundtrack,actress,writer	tt0053291,tt0045810,tt0045891,tt0048605
nm0000055	Alfred Newman	1901	1970	music_department,composer,soundtrack	tt0042192,tt0029852,tt0056085,tt0061439
nm0000056	Paul Newman	1925	2008	actor,producer,director	tt0090863,tt0054997,tt0061512,tt0084855
nm0000057	David Niven	1910	1983	actor,producer,soundtrack	tt0057413,tt0074937,tt0054953,tt0052182
nm0000058	Maureen O'Hara	1920	2015	actress,soundtrack	tt0033729,tt0055277,tt0045061,tt0039628
nm0000059	Laurence Olivier	1907	1989	actor,producer,director	tt0032976,tt0069281,tt0082186,tt0054331
nm0000060	Gregory Peck	1916	2003	actor,producer,soundtrack	tt0056592,tt0054953,tt0046250,tt0075005
nm0000061	Tyrone Power	1914	1958	actor,soundtrack,producer	tt0043959,tt0032762,tt0051201,tt0038873
nm0000062	Elvis Presley	1935	1977	soundtrack,actor,music_department	tt0056023,tt0054692,tt0053848,tt0058725
nm0000063	Anthony Quinn	1915	2001	actor,producer,soundtrack	tt0074896,tt0057831,tt0056172,tt0047528
nm0000064	Edward G. Robinson	1893	1973	actor,soundtrack,writer	tt0036775,tt0049833,tt0038991,tt0040506
nm0000065	Nino Rota	1911	1979	composer,soundtrack,music_department	tt0056801,tt0071562,tt0068646,tt0063518
nm0000066	Jane Russell	1921	2011	actress,soundtrack,producer	tt0459474,tt0045810,tt0043643,tt0036241
nm0000067	Miklós Rózsa	1907	1995	music_department,composer,soundtrack	tt0052618,tt0038109,tt0036775,tt0080025
nm0000068	Randolph Scott	1898	1987	actor,producer,soundtrack	tt0056412,tt0051047,tt0049743,tt0026942
nm0000069	Frank Sinatra	1915	1998	soundtrack,actor,producer	tt0041944,tt0045793,tt0056218,tt0050815
nm0000070	Max Steiner	1888	1971	music_department,composer,soundtrack	tt0031381,tt0034583,tt0407887,tt0027125
nm0000071	James Stewart	1908	1997	actor,soundtrack,director	tt0052561,tt0052357,tt0032904,tt0031679
nm0000072	Elizabeth Taylor	1932	2011	actress,soundtrack,producer	tt0061184,tt0043924,tt0049261,tt0051459
nm0000073	Shirley Temple	1928	2014	actress,soundtrack,writer	tt0040369,tt0031580,tt0051312,tt0028988
nm0000074	Gene Tierney	1920	1991	actress,soundtrack	tt0039420,tt0037865,tt0037008,tt0035979
nm0000075	Spencer Tracy	1900	1967	actor,soundtrack	tt0053946,tt0055031,tt0057193,tt0061735
nm0000076	François Truffaut	1932	1984	writer,director,producer	tt0055032,tt0053198,tt0054389,tt0080610
nm0000077	Franz Waxman	1906	1967	music_department,composer,soundtrack	tt0057779,tt0046359,tt0048380,tt0053131
nm0000078	John Wayne	1907	1979	actor,producer,soundtrack	tt0056217,tt0053221,tt0049730,tt0065126
nm0000079	Raquel Welch	1940	\N	actress,soundtrack,producer	tt0072281,tt0250494,tt0073012,tt0060397
nm0000080	Orson Welles	1915	1985	actor,writer,director	tt0048393,tt0052311,tt0072962,tt0033467
nm0000081	Natalie Wood	1938	1981	actress,soundtrack,music_department	tt0055614,tt0057263,tt0048545,tt0055471
nm0000082	Victor Young	1900	1956	music_department,soundtrack,composer	tt0120663,tt0119094,tt0112641,tt3315342
nm0000083	Alan Miller	\N	\N	editor,writer,director	tt1617108,tt0424773,tt5969604,tt0969216
nm0000084	Li Gong	1965	\N	actress	tt0367959,tt0430357,tt0101640,tt0212712
nm0000085	Henner Hofmann	\N	\N	cinematographer,producer,camera_department	tt0208675,tt0829176,tt0249313,tt0272147
nm0000086	Louis de Funès	1914	1983	actor,writer,soundtrack	tt0069747,tt0074103,tt0060474,tt0058135
nm0000087	Elena Koreneva	1953	\N	actress,casting_director	tt0072096,tt0080037,tt0148059,tt0122969
nm0000088	Aleksey Korenev	1927	1995	director,writer,assistant_director	tt0076551,tt0191104,tt0100069,tt0068304
nm0000089	Richard Paul	1940	1998	actor	tt0075489,tt0117318,tt0083869,tt0076009
nm0000090	Armin Mueller-Stahl	1930	\N	actor,director,writer	tt0963178,tt0119174,tt0139809,tt0808151
nm0000091	Gérard Pirès	1942	\N	director,writer,actor	tt0421974,tt0282552,tt0064297,tt0152930
nm0000092	John Cleese	1939	\N	actor,writer,producer	tt0085959,tt0095159,tt0071853,tt0079470
nm0000093	Brad Pitt	1963	\N	actor,producer,soundtrack	tt0816711,tt0114746,tt0356910,tt1210166
nm0000094	J. Reifel	\N	\N	writer	tt0116030,tt0117915,tt0118631,tt0118886
nm0000095	Woody Allen	1935	\N	writer,director,actor	tt0097123,tt0091167,tt0079522,tt0075686
nm0000096	Gillian Anderson	1968	\N	actress,producer,soundtrack	tt2294189,tt0442632,tt0455590,tt0106179
nm0000097	Pamela Anderson	1967	\N	actress,producer,director	tt0134269,tt0306047,tt1469304,tt0096542
nm0000098	Jennifer Aniston	1969	\N	actress,producer,soundtrack	tt0151804,tt1723121,tt0129167,tt0108778
nm0000099	Patricia Arquette	1968	\N	actress,director,soundtrack	tt1065073,tt0108399,tt0145531,tt0412175
nm0000100	Rowan Atkinson	1955	\N	actor,writer,producer	tt0110357,tt0274166,tt0453451,tt0118689
nm0000101	Dan Aykroyd	1952	\N	writer,actor,producer	tt0087332,tt0097428,tt0080455,tt0086465
nm0000102	Kevin Bacon	1958	\N	actor,producer,soundtrack	tt0327056,tt0361127,tt0164052,tt0087277
nm0000103	Fairuza Balk	1974	\N	actress,soundtrack	tt0120586,tt0115963,tt0181875,tt0120484
nm0000104	Antonio Banderas	1960	\N	actor,soundtrack,producer	tt1189073,tt0112851,tt0120657,tt0120746
nm0000105	Adrienne Barbeau	1945	\N	actress,writer,soundtrack	tt0068103,tt0080749,tt0082340,tt0083767
nm0000106	Drew Barrymore	1975	\N	producer,actress,soundtrack	tt0343660,tt0160127,tt0151738,tt0120631
nm0000107	Kim Basinger	1953	\N	actress,soundtrack,producer	tt0108525,tt0096895,tt0337921,tt0119488
nm0000108	Luc Besson	1959	\N	writer,producer,director	tt1397280,tt0119116,tt0110413,tt0388482
nm0000109	Yasmine Bleeth	1968	\N	actress	tt0169347,tt0131857,tt0096542,tt0062595
nm0000110	Kenneth Branagh	1960	\N	actor,producer,director	tt0116477,tt0097499,tt1655420,tt0107616
nm0000111	Matthew Broderick	1962	\N	actor,soundtrack,director	tt0097441,tt0110357,tt0091042,tt0120685
nm0000112	Pierce Brosnan	1953	\N	actor,producer,soundtrack	tt0120347,tt0113189,tt0143145,tt0365485
nm0000113	Sandra Bullock	1964	\N	producer,actress,soundtrack	tt1041829,tt0212346,tt0111257,tt1454468
nm0000114	Steve Buscemi	1957	\N	actor,director,producer	tt0105236,tt0116282,tt0198781,tt0118715
nm0000115	Nicolas Cage	1964	\N	actor,producer,soundtrack	tt0113627,tt0435705,tt0119094,tt0117500
nm0000116	James Cameron	1954	\N	writer,producer,director	tt0090605,tt0499549,tt0120338,tt0103064
nm0000117	Neve Campbell	1973	\N	actress,producer,soundtrack	tt0108894,tt0120890,tt0117571,tt0120131
nm0000118	John Carpenter	1948	\N	soundtrack,writer,music_department	tt0116225,tt0096256,tt0082340,tt0077651
nm0000119	Tia Carrere	1967	\N	actress,soundtrack,producer	tt0207919,tt0275847,tt0105793,tt0111503
nm0000120	Jim Carrey	1962	\N	actor,writer,producer	tt0315327,tt0120382,tt0338013,tt0109040
nm0000121	Phoebe Cates	1963	\N	actress,soundtrack	tt0087363,tt0101775,tt0083929,tt0099700
nm0000122	Charles Chaplin	1889	1977	writer,soundtrack,actor	tt0027977,tt0015864,tt0032553,tt0021749
nm0000123	George Clooney	1961	\N	actor,producer,director	tt0365737,tt1033575,tt1193138,tt1124035
nm0000124	Jennifer Connelly	1970	\N	actress	tt0268978,tt0315983,tt0180093,tt0102803
nm0000125	Sean Connery	1930	\N	actor,producer,soundtrack	tt0097576,tt0099810,tt0117500,tt0055928
nm0000126	Kevin Costner	1955	\N	actor,producer,soundtrack	tt0099348,tt0102798,tt0103855,tt0119925
nm0000127	Wes Craven	1939	2015	writer,producer,director	tt0093629,tt0111686,tt0117571,tt0087800
nm0000128	Russell Crowe	1964	\N	actor,soundtrack,producer	tt0119488,tt1707386,tt0268978,tt0172495
nm0000129	Tom Cruise	1962	\N	actor,producer,soundtrack	tt0116695,tt0181689,tt0325710,tt0092099
nm0000130	Jamie Lee Curtis	1958	\N	actress,director,producer	tt0095159,tt0120694,tt0111503,tt0322330
nm0000131	John Cusack	1966	\N	actor,producer,writer	tt0146882,tt0450385,tt1190080,tt0120601
nm0000132	Claire Danes	1979	\N	actress,producer,soundtrack	tt1796960,tt0108872,tt1278469,tt0117509
nm0000133	Geena Davis	1956	\N	actress,producer,soundtrack	tt0104694,tt0091064,tt0103074,tt0116908
nm0000134	Robert De Niro	1943	\N	actor,producer,soundtrack	tt0212338,tt0075314,tt0101540,tt0081398
nm0000135	John Denver	1943	1997	soundtrack,music_department,actor	tt4649466,tt1540133,tt0264464,tt0195714
nm0000136	Johnny Depp	1963	\N	actor,producer,soundtrack	tt0325980,tt0383574,tt0408236,tt0449088
nm0000137	Bo Derek	1956	\N	actress,producer,miscellaneous	tt0787407,tt0078721,tt0083170,tt0114694
nm0000138	Leonardo DiCaprio	1974	\N	actor,producer,writer	tt0407887,tt0120338,tt0993846,tt1375666
nm0000139	Cameron Diaz	1972	\N	actress,producer,soundtrack	tt0259711,tt0160127,tt2203939,tt0129387
nm0000140	Michael Douglas	1944	\N	actor,producer,soundtrack	tt0106856,tt0119174,tt0478970,tt0103772
nm0000141	David Duchovny	1960	\N	actor,producer,director	tt0251075,tt0120902,tt0106179,tt0904208
nm0000142	Clint Eastwood	1930	\N	actor,producer,director	tt0105695,tt0405159,tt1205489,tt0112579
nm0000143	Erika Eleniak	1969	\N	actress	tt0096542,tt0105690,tt0083866,tt0106400
nm0000144	Cary Elwes	1962	\N	actor,producer,director	tt0387564,tt0093779,tt0107977,tt0119468
nm0000145	Sherilyn Fenn	1965	\N	actress,soundtrack	tt0098936,tt0165057,tt0105046,tt0100935
nm0000146	Ralph Fiennes	1962	\N	actor,director,soundtrack	tt0108052,tt0387131,tt2278388,tt1201607
nm0000147	Colin Firth	1960	\N	actor,producer,soundtrack	tt1340800,tt0243155,tt1504320,tt1315981
nm0000148	Harrison Ford	1942	\N	actor,writer,producer	tt0090329,tt0082971,tt0118571,tt0106977
nm0000149	Jodie Foster	1962	\N	actress,director,producer	tt0102926,tt1535108,tt0454848,tt0258000
nm0000150	Michael J. Fox	1961	\N	actor,producer,miscellaneous	tt0083413,tt0099088,tt0096874,tt0088763
nm0000151	Morgan Freeman	1937	\N	actor,producer,soundtrack	tt0097239,tt0114369,tt0405159,tt1057500
nm0000152	Richard Gere	1949	\N	actor,soundtrack,producer	tt0100405,tt0358135,tt0299658,tt0084434
nm0000153	Gina Gershon	1962	\N	actress,soundtrack,producer	tt0115736,tt0119094,tt0431308,tt0140352
nm0000154	Mel Gibson	1956	\N	actor,producer,director	tt0187393,tt0112573,tt0286106,tt0093409
nm0000155	Whoopi Goldberg	1955	\N	actress,producer,writer	tt1787660,tt0266221,tt0313162,tt0123366
nm0000156	Jeff Goldblum	1952	\N	actor,soundtrack,producer	tt2278388,tt0116629,tt0091064,tt0107290
nm0000157	Linda Hamilton	1956	\N	actress	tt0118928,tt0088247,tt0092319,tt0103064
nm0000158	Tom Hanks	1956	\N	producer,actor,soundtrack	tt0094737,tt0109830,tt0162222,tt0120815
nm0000159	Teri Hatcher	1964	\N	actress,writer,soundtrack	tt0120347,tt0410975,tt0327597,tt0106057
nm0000160	Ethan Hawke	1970	\N	actor,writer,director	tt0381681,tt2209418,tt0139654,tt0112471
nm0000161	Salma Hayek	1966	\N	actress,producer,soundtrack	tt1615065,tt0120679,tt0120891,tt0112851
nm0000162	Anne Heche	1969	\N	actress,writer,producer	tt0120828,tt0120885,tt0120461,tt0119008
nm0000163	Dustin Hoffman	1937	\N	actor,producer,soundtrack	tt0084805,tt0061722,tt0095953,tt0064665
nm0000164	Anthony Hopkins	1937	\N	actor,soundtrack,composer	tt0102926,tt0975645,tt0212985,tt0107943
nm0000165	Ron Howard	1954	\N	actor,producer,director	tt0268978,tt0070992,tt0069704,tt0053479
nm0000166	Helen Hunt	1963	\N	actress,producer,director	tt0207201,tt0119822,tt0103484,tt0117998
nm0000167	Elizabeth Hurley	1965	\N	actress,producer	tt0145660,tt0230030,tt0261289,tt0118655
nm0000168	Samuel L. Jackson	1948	\N	actor,producer,soundtrack	tt3460252,tt0110912,tt0417148,tt0119396
nm0000169	Tommy Lee Jones	1946	\N	actor,director,soundtrack	tt0443272,tt0477348,tt0106977,tt0119654
nm0000170	Milla Jovovich	1975	\N	actress,soundtrack,composer	tt1220634,tt1220198,tt0432021,tt0119116
nm0000171	Ashley Judd	1968	\N	actress,producer,director	tt0120679,tt0150377,tt0470705,tt0119468
nm0000172	Harvey Keitel	1939	\N	actor,producer,soundtrack	tt0105236,tt0103759,tt0110912,tt2278388
nm0000173	Nicole Kidman	1967	\N	actress,producer,soundtrack	tt0230600,tt0274558,tt0120663,tt0203009
nm0000174	Val Kilmer	1959	\N	actor,soundtrack,producer	tt0101761,tt0120053,tt0373469,tt0113277
nm0000175	Stephen King	1947	\N	writer,producer,actor	tt0111161,tt0100157,tt0091499,tt0083767
nm0000176	Nastassja Kinski	1961	\N	actress,producer,soundtrack	tt0120070,tt0087884,tt0083722,tt0080009
nm0000177	Kevin Kline	1947	\N	actor,soundtrack,director	tt0106673,tt0095159,tt0119360,tt0120891
nm0000178	Diane Lane	1965	\N	actress,soundtrack	tt0770828,tt2096673,tt0250797,tt0328589
nm0000179	Jude Law	1972	\N	actor,producer,soundtrack	tt0988045,tt0215750,tt3079380,tt1515091
nm0000180	David Lean	1908	1991	editor,director,writer	tt0087892,tt0059113,tt0056172,tt0050212
nm0000181	Heather Locklear	1961	\N	actress,producer,soundtrack	tt0103491,tt0081856,tt0083486,tt0115369
nm0000182	Jennifer Lopez	1969	\N	actress,producer,soundtrack	tt0120780,tt0319931,tt0252076,tt0369735
nm0000183	Traci Lords	1968	\N	actress,soundtrack,producer	tt1007028,tt1984153,tt0120611,tt0099329
nm0000184	George Lucas	1944	\N	writer,producer,editor	tt0086190,tt0076759,tt0121765,tt0097576
nm0000185	Dolph Lundgren	1957	\N	actor,producer,director	tt1320253,tt0105698,tt0089927,tt1764651
nm0000186	David Lynch	1946	\N	writer,director,producer	tt0105665,tt0166924,tt0080678,tt0090756
nm0000187	Madonna	1958	\N	soundtrack,actress,music_department	tt0099422,tt0104694,tt0116250,tt0156841
nm0000188	Steve Martin	1945	\N	writer,actor,soundtrack	tt0079367,tt0120910,tt0338427,tt0131325
nm0000189	Jenny McCarthy	1972	\N	actress,producer,writer	tt0143134,tt0143805,tt0306047,tt0123366
nm0000190	Matthew McConaughey	1969	\N	actor,producer,soundtrack	tt0993846,tt1915581,tt1935179,tt0790636
nm0000191	Ewan McGregor	1971	\N	actor,writer,soundtrack	tt0121766,tt0117951,tt0120915,tt0121765
nm0000192	Alyssa Milano	1972	\N	actress,producer,soundtrack	tt0086827,tt0158552,tt0116287,tt0088944
nm0000193	Demi Moore	1962	\N	actress,producer,director	tt0305357,tt0107211,tt0119173,tt0117765
nm0000194	Julianne Moore	1960	\N	actress,soundtrack,producer	tt0206634,tt0118715,tt1570728,tt0119567
nm0000195	Bill Murray	1950	\N	actor,soundtrack,writer	tt0107048,tt0128445,tt0335266,tt1748122
nm0000196	Mike Myers	1963	\N	actor,writer,soundtrack	tt0118655,tt0811138,tt0295178,tt0145660
nm0000197	Jack Nicholson	1937	\N	actor,soundtrack,producer	tt0407887,tt0071315,tt0119822,tt0081505
nm0000198	Gary Oldman	1958	\N	actor,soundtrack,producer	tt0372784,tt0110413,tt1345836,tt0468569
nm0000199	Al Pacino	1940	\N	actor,soundtrack,director	tt0086250,tt0068646,tt0071562,tt0113277
nm0000200	Bill Paxton	1955	2017	actor,producer,director	tt0264616,tt0111503,tt0090605,tt0117998
nm0000201	Michelle Pfeiffer	1958	\N	actress,soundtrack,producer	tt0103776,tt0161081,tt0117247,tt0112792
nm0000202	Ryan Phillippe	1974	\N	actor,producer,director	tt0139134,tt0375679,tt0280707,tt0202677
nm0000203	River Phoenix	1970	1993	actor,soundtrack	tt0097576,tt0092005,tt0091557,tt0102494
nm0000204	Natalie Portman	1981	\N	actress,producer,soundtrack	tt0947798,tt0434409,tt1619029,tt0376541
nm0000205	Parker Posey	1968	\N	actress,soundtrack,writer	tt0122529,tt0348150,tt0114095,tt0119324
nm0000206	Keanu Reeves	1964	\N	actor,producer,soundtrack	tt0102685,tt0234215,tt0133093,tt0111257
nm0000207	Christina Ricci	1980	\N	actress,producer,soundtrack	tt0340855,tt0462200,tt0120777,tt0162661
nm0000208	Molly Ringwald	1968	\N	actress,soundtrack,music_department	tt0091790,tt0088128,tt0088847,tt1179817
nm0000209	Tim Robbins	1958	\N	actor,producer,director	tt0111161,tt0105151,tt0112818,tt0327056
nm0000210	Julia Roberts	1967	\N	actress,producer,soundtrack	tt0100405,tt0125439,tt0195685,tt0376541
nm0000211	Mimi Rogers	1956	\N	actress,producer,soundtrack	tt0118655,tt0329028,tt0210070,tt0120738
nm0000212	Meg Ryan	1961	\N	actress,producer,soundtrack	tt0098635,tt0108160,tt0118617,tt0128853
nm0000213	Winona Ryder	1971	\N	actress,producer,soundtrack	tt0118583,tt0099487,tt0110367,tt0097493
nm0000214	Mia Sara	1967	\N	actress,soundtrack	tt0111438,tt0089469,tt0264262,tt0091042
nm0000215	Susan Sarandon	1946	\N	actress,producer,soundtrack	tt0112818,tt0103074,tt0380510,tt0073629
nm0000216	Arnold Schwarzenegger	1947	\N	actor,producer,director	tt0100802,tt0093773,tt0111503,tt0103064
nm0000217	Martin Scorsese	1942	\N	producer,director,actor	tt0490215,tt0075314,tt0099685,tt0070379
nm0000218	Kristin Scott Thomas	1960	\N	actress,soundtrack,director	tt1602613,tt0116209,tt0117060,tt0280707
nm0000219	Steven Seagal	1952	\N	producer,actor,writer	tt0110725,tt0114781,tt0105690,tt0094602
nm0000220	Joan Severance	1958	\N	actress,producer	tt0107357,tt0097987,tt0099141,tt0098282
nm0000221	Charlie Sheen	1965	\N	actor,producer,soundtrack	tt0102059,tt1986770,tt0094291,tt0369179
nm0000222	Brooke Shields	1965	\N	actress,producer,soundtrack	tt0082329,tt0115376,tt0805570,tt0080453
nm0000223	Elisabeth Shue	1963	\N	actress,soundtrack,producer	tt0087538,tt0120053,tt0092513,tt0113627
nm0000224	Alicia Silverstone	1976	\N	actress,producer,soundtrack	tt0112697,tt0124298,tt0106627,tt0118688
nm0000225	Christian Slater	1969	\N	actor,producer,soundtrack	tt0102798,tt0108399,tt4158110,tt0124198
nm0000226	Will Smith	1968	\N	music_department,actor,producer	tt0098800,tt0119654,tt0480249,tt0116629
nm0000227	Mira Sorvino	1967	\N	actress,producer,soundtrack	tt0119675,tt0120032,tt0044265,tt0120008
nm0000228	Kevin Spacey	1959	\N	actor,producer,soundtrack	tt0119488,tt1856010,tt0169547,tt0114369
nm0000229	Steven Spielberg	1946	\N	producer,writer,director	tt0181689,tt0075860,tt0107290,tt0212720
nm0000230	Sylvester Stallone	1946	\N	actor,writer,producer	tt0075148,tt0083944,tt0084602,tt3076658
nm0000231	Oliver Stone	1946	\N	director,producer,writer	tt0091763,tt0096969,tt0110632,tt0102138
nm0000232	Sharon Stone	1958	\N	actress,producer,writer	tt0114214,tt0100802,tt0103772,tt0112641
nm0000233	Quentin Tarantino	1963	\N	writer,actor,producer	tt0378194,tt0266697,tt0110912,tt0105236
nm0000234	Charlize Theron	1975	\N	actress,producer,soundtrack	tt0395972,tt1735898,tt0340855,tt1392190
nm0000235	Uma Thurman	1970	\N	actress,soundtrack,writer	tt0118688,tt0266697,tt0378194,tt0110912
nm0000236	Jennifer Tilly	1958	\N	actress,soundtrack,writer	tt0387575,tt0119528,tt0115736,tt0144120
nm0000237	John Travolta	1954	\N	actor,soundtrack,producer	tt0110912,tt0113161,tt0119094,tt0185183
nm0000238	Shannon Tweed	1957	\N	actress,producer,set_decorator	tt0094834,tt0111093,tt0165710,tt0295923
nm0000239	Liv Tyler	1977	\N	actress,producer,soundtrack	tt0120737,tt0120591,tt0482606,tt0167260
nm0000240	Skeet Ulrich	1970	\N	actor,director,producer	tt0117571,tt0115963,tt0805663,tt0119822
nm0000241	Jean-Claude Van Damme	1960	\N	actor,writer,producer	tt0097659,tt0092675,tt0105698,tt0101764
nm0000242	Mark Wahlberg	1971	\N	producer,actor,soundtrack	tt0407887,tt0964517,tt0118749,tt1637725
nm0000243	Denzel Washington	1954	\N	actor,producer,soundtrack	tt1037705,tt0427309,tt0139654,tt2671706
nm0000244	Sigourney Weaver	1949	\N	actress,soundtrack,producer	tt0177789,tt0499549,tt0078748,tt0118583
nm0000245	Robin Williams	1951	2014	actor,soundtrack,writer	tt0097165,tt0103639,tt0107614,tt0113497
nm0000246	Bruce Willis	1955	\N	actor,soundtrack,producer	tt0167404,tt0110912,tt0095016,tt0088571
nm0000247	John Woo	1946	\N	producer,director,writer	tt0120755,tt0425637,tt0097202,tt0119094
nm0000248	Edward D. Wood Jr.	1924	1978	writer,director,actor	tt0047127,tt0047898,tt0052077,tt0045826
nm0000249	James Woods	1947	\N	actor,producer,soundtrack	tt0086541,tt0159097,tt0087843,tt0112641
nm0000250	Renée Zellweger	1969	\N	actress,soundtrack,producer	tt0116695,tt0352248,tt0299658,tt0243155
nm0000251	Timothy Dowling	1973	\N	actor,writer	tt1564367,tt0430922,tt2120120,tt1596350
nm0000252	Robert Ellis	1892	1974	actor,director,writer	tt0027442,tt0460227,tt0004902,tt0023236
nm0000253	Robert Ellis	1888	1935	art_director,miscellaneous	tt0025073,tt0025712,tt0025713,tt0026195
nm0000254	Isabelle Adjani	1955	\N	actress,soundtrack,producer	tt0110963,tt0079641,tt0082933,tt0090095
nm0000255	Ben Affleck	1972	\N	producer,actor,writer	tt2267998,tt0120591,tt0840361,tt1024648
nm0000256	Jenny Agutter	1952	\N	actress,soundtrack	tt0074812,tt0848228,tt0099253,tt0082010
nm0000257	Alan Alda	1936	\N	actor,miscellaneous,soundtrack	tt0338751,tt0207201,tt0068098,tt3682448
nm0000258	Stephanie Zimbalist	1956	\N	actress,writer	tt0099225,tt0102212,tt0102988,tt0083470
nm0000259	Ginger Lynn	1962	\N	actress,director,writer	tt0100994,tt0436058,tt0395584,tt0103867
nm0000260	Joan Allen	1956	\N	actress,producer	tt0452608,tt3170832,tt0120789,tt0115988
nm0000261	Karen Allen	1951	\N	actress,director,soundtrack	tt0096061,tt0082971,tt0088172,tt0367882
nm0000262	Nancy Allen	1950	\N	actress,soundtrack	tt0107978,tt0080661,tt0093870,tt0100502
nm0000263	Kirstie Alley	1951	\N	actress,producer,writer	tt0083399,tt0084726,tt0097778,tt0118506
nm0000264	Pedro Almodóvar	1949	\N	writer,director,soundtrack	tt1189073,tt0441909,tt0185125,tt0287467
nm0000265	Robert Altman	1925	2006	director,producer,writer	tt0066026,tt0105151,tt0108122,tt0280707
nm0000266	Ursula Andress	1936	\N	actress	tt0061452,tt0082186,tt0059710,tt0055928
nm0000267	Julie Andrews	1935	\N	actress,soundtrack,producer	tt0058331,tt1323594,tt0298148,tt0059742
nm0000268	Ann-Margret	1941	\N	actress,soundtrack	tt0073812,tt0107050,tt0066892,tt0056891
nm0000269	Jean-Jacques Annaud	1943	\N	director,writer,producer	tt0338512,tt0215750,tt0120102,tt0091605
nm0000270	Gabrielle Anwar	1970	\N	actress,producer,soundtrack	tt0810788,tt0455596,tt0108333,tt0105323
nm0000271	Anne Archer	1947	\N	actress,producer,soundtrack	tt0093010,tt0160009,tt0109444,tt0105112
nm0000272	Fanny Ardant	1949	\N	actress,director,writer	tt0283832,tt0117477,tt0086551,tt0127536
nm0000273	Alan Arkin	1934	\N	actor,soundtrack,director	tt0425061,tt0449059,tt0099487,tt1024648
nm0000274	David Arquette	1971	\N	producer,actor,director	tt2112923,tt0151738,tt0271367,tt1833403
nm0000275	Rosanna Arquette	1959	\N	actress,director,producer	tt0088680,tt0110912,tt0190138,tt0089017
nm0000276	Sean Astin	1971	\N	actor,producer,director	tt0089218,tt0167261,tt0167260,tt0120737
nm0000277	Richard Attenborough	1923	2014	actor,producer,director	tt0107290,tt0119567,tt0057115,tt0083987
nm0000278	Pernilla August	1958	\N	actress,director,writer	tt0121765,tt0424971,tt0120915,tt0347457
nm0000279	Hank Azaria	1964	\N	actor,soundtrack,producer	tt0118617,tt0096697,tt0115685,tt1839481
nm0000280	Catherine Bach	1954	\N	actress,soundtrack	tt0085010,tt0101035,tt0072288,tt0078607
nm0000281	Scott Baio	1960	\N	actor,director,producer	tt0070992,tt0086681,tt2382108,tt0074256
nm0000282	Scott Bairstow	1970	\N	actor	tt0119925,tt0120512,tt0111701,tt0283084
nm0000283	Brenda Bakke	1963	\N	actress	tt0119488,tt0107144,tt0114781,tt0114608
nm0000284	Adam Baldwin	1962	\N	actor,soundtrack	tt0093058,tt0116629,tt0100403,tt0379786
nm0000285	Alec Baldwin	1958	\N	actor,producer,soundtrack	tt0318374,tt0407887,tt1230414,tt0496424
nm0000286	Stephen Baldwin	1966	\N	actor,producer,director	tt0096732,tt0158622,tt0114814,tt0096969
nm0000287	William Baldwin	1963	\N	actor,producer,stunts	tt0108162,tt0101393,tt0113010,tt0367089
nm0000288	Christian Bale	1974	\N	actor,editorial_department,producer	tt0482571,tt0144084,tt0468569,tt1345836
nm0000289	Ellen Barkin	1954	\N	actress,producer	tt0108330,tt0496806,tt0157503,tt0098273
nm0000290	John Barry	1933	2011	music_department,soundtrack,composer	tt0062512,tt0066995,tt0071807,tt0197164
nm0000291	Angela Bassett	1958	\N	actress,producer,director	tt2302755,tt0227445,tt0114558,tt0118884
nm0000292	Michelle Bauer	1958	\N	actress,miscellaneous,costume_department	tt0103213,tt0112408,tt0083707,tt0094998
nm0000293	Sean Bean	1959	\N	actor,producer	tt3659388,tt0113189,tt0120737,tt0167260
nm0000294	Amanda Bearse	1958	\N	actress,director,producer	tt0089175,tt0338067,tt0112887,tt0092400
nm0000295	Kate Beckinsale	1973	\N	actress,soundtrack	tt0213149,tt0338751,tt0401855,tt0320691
nm0000296	Robert Beltran	1953	\N	actor	tt0112178,tt0101516,tt0087799,tt0083869
nm0000297	Tom Berenger	1949	\N	actor,producer,writer	tt1375666,tt0091763,tt0139654,tt0097815
nm0000298	Candice Bergen	1946	\N	actress,producer,soundtrack	tt0094514,tt0083987,tt0212346,tt0402711
nm0000299	Michael Biehn	1956	\N	actor,producer,director	tt0090605,tt0096754,tt0088247,tt0117500
nm0000300	Juliette Binoche	1964	\N	actress,art_department,miscellaneous	tt0831387,tt0387898,tt0108394,tt0116209
nm0000301	Thora Birch	1982	\N	actress,producer,soundtrack	tt0162346,tt0107120,tt0105112
nm0000302	Jacqueline Bisset	1944	\N	actress,producer	tt0071877,tt0070460,tt0062765,tt0075925
nm0000303	Honor Blackman	1925	\N	actress,soundtrack	tt0243155,tt0098939,tt0054518,tt0058150
nm0000304	Linda Blair	1959	\N	actress,soundtrack,producer	tt0070047,tt0082511,tt0076009,tt0088044
nm0000305	Mel Blanc	1908	1989	actor,soundtrack,music_department	tt0053502,tt0285371,tt0051189,tt0088491
nm0000306	Brian Blessed	1936	\N	actor,soundtrack,director	tt0102798,tt0120915,tt0120855,tt0346491
nm0000307	Helena Bonham Carter	1966	\N	actress,soundtrack,producer	tt0408236,tt0137523,tt1504320,tt1707386
nm0000308	Ernest Borgnine	1917	2012	actor,soundtrack,producer	tt0065214,tt0061578,tt0082340,tt0055689
nm0000309	David Bowie	1947	2016	soundtrack,actor,composer	tt0085701,tt0091369,tt0115632,tt0074851
nm0000310	Bruce Boxleitner	1950	\N	actor,producer	tt0084827,tt0085088,tt1104001,tt0105946
nm0000311	Annie Rosar	1888	1963	actress	tt0034800,tt0053589,tt0052358,tt0046502
nm0000312	Amy Brenneman	1964	\N	actress,producer,writer	tt0972412,tt0116040,tt0113277,tt2699128
nm0000313	Jeff Bridges	1949	\N	actor,soundtrack,producer	tt0088172,tt0118715,tt1263670,tt1403865
nm0000314	Charles Bronson	1921	2003	actor	tt0054047,tt0061578,tt0057115,tt0064116
nm0000315	Louise Brooks	1906	1985	actress,soundtrack	tt0018737,tt0018684,tt0021273,tt0020475
nm0000316	Mel Brooks	1926	\N	actor,writer,soundtrack	tt0395251,tt0094012,tt0082517,tt0071230
nm0000317	Clancy Brown	1959	\N	actor,soundtrack,producer	tt1179056,tt0111161,tt3501632,tt0120201
nm0000318	Tim Burton	1958	\N	producer,miscellaneous,director	tt0121164,tt0408236,tt0109707,tt0099487
nm0000319	Yancy Butler	1970	\N	actress	tt1650554,tt0107076,tt1250777,tt0109676
nm0000320	Luis Buñuel	1900	1983	writer,director,actor	tt0020530,tt0061395,tt0068361,tt0056732
nm0000321	Gabriel Byrne	1950	\N	actor,producer,writer	tt0288477,tt0114814,tt0100150,tt0835434
nm0000322	Emmanuelle Béart	1963	\N	actress,soundtrack	tt0117060,tt0105682,tt0113947,tt0283832
nm0000323	Michael Caine	1933	\N	actor,producer,soundtrack	tt0468569,tt0482571,tt0124315,tt3312830
nm0000324	Barbara Carrera	1945	\N	actress,soundtrack	tt0076210,tt0086006,tt0074475,tt0085862
nm0000325	David Caruso	1956	\N	actor,producer	tt0099939,tt0261983,tt0083944,tt0313043
nm0000326	Kim Cattrall	1956	\N	actress,producer,soundtrack	tt1000774,tt0090728,tt0159206,tt0087928
nm0000327	Lacey Chabert	1982	\N	actress,soundtrack,producer	tt0120738,tt0277371,tt0377092,tt0821640
nm0000328	Richard Chamberlain	1934	\N	actor,soundtrack,producer	tt0762107,tt0076299,tt0054535,tt0072308
nm0000329	Jackie Chan	1954	\N	actor,stunts,producer	tt0184894,tt0089374,tt0120812,tt0327437
nm0000330	Stockard Channing	1944	\N	actress,soundtrack,miscellaneous	tt0120791,tt0198021,tt0108149,tt0077631
nm0000331	Chevy Chase	1943	\N	actor,writer,soundtrack	tt0089155,tt0085995,tt0097958,tt0080487
nm0000332	Don Cheadle	1964	\N	actor,producer,soundtrack	tt0988047,tt1540133,tt0375679,tt0790770
nm0000333	Cher	1946	\N	soundtrack,actress,producer	tt0093565,tt0066717,tt1126591,tt0089560
nm0000334	Yun-Fat Chow	1955	\N	actor,writer,soundtrack	tt0097202,tt0473444,tt0190332,tt0104684
nm0000335	Glenn Close	1947	\N	actress,soundtrack,producer	tt0093010
nm0000336	James Coburn	1928	2002	actor,producer,director	tt0057115,tt0116213,tt0117218,tt0198781
nm0000337	Rachael Leigh Cook	1979	\N	actress,producer	tt0236348,tt0218817,tt0160862,tt0208988
nm0000338	Francis Ford Coppola	1939	\N	producer,director,writer	tt0078788,tt0068646,tt0071562,tt0099674
nm0000339	Roger Corman	1926	\N	producer,director,actor	tt0053925,tt0452608,tt0057569,tt0054033
nm0000340	Cindy Crawford	1966	\N	actress,producer,soundtrack	tt0139057,tt0096613,tt0373759,tt0210977
nm0000341	Michael Crichton	1942	2008	writer,producer,director	tt0107290,tt0369610,tt0108757,tt0119567
nm0000342	James Cromwell	1940	\N	actor,producer,soundtrack	tt0119488,tt0343818,tt1655442,tt0120689
nm0000343	David Cronenberg	1943	\N	director,actor,writer	tt0091064,tt0765443,tt0120907,tt0399146
nm0000344	Denise Crosby	1957	\N	actress,producer	tt0120647,tt0092455,tt0098084,tt0083511
nm0000345	Billy Crystal	1948	\N	actor,writer,producer	tt0113097,tt0101587,tt0122933,tt0098635
nm0000346	Macaulay Culkin	1980	\N	actor,director,producer	tt0104431,tt0099785,tt0110989,tt0102492
nm0000347	Tim Curry	1946	\N	actor,soundtrack,producer	tt0112715,tt0088930,tt0073629,tt0099810
nm0000348	Tony Curtis	1925	2010	actor,soundtrack,producer	tt0051036,tt0051525,tt0053291,tt0059243
nm0000349	Joan Cusack	1962	\N	actress,soundtrack,writer	tt0435761,tt0096463,tt0098258,tt0120363
nm0000350	Beverly D'Angelo	1951	\N	actress,soundtrack,producer	tt0120586,tt0085995,tt0120434,tt0097958
nm0000351	Donna D'Errico	1968	\N	actress,producer,director	tt0974005,tt3589144,tt4270458,tt7309348
nm0000352	Vincent D'Onofrio	1959	\N	actor,producer,soundtrack	tt0119654,tt0093058,tt0109707,tt0369610
nm0000353	Willem Dafoe	1955	\N	actor,soundtrack,producer	tt0145487,tt0091763,tt2278388,tt0266543
nm0000354	Matt Damon	1970	\N	producer,actor,soundtrack	tt0134119,tt3659388,tt0407887,tt0119217
nm0000355	Anthony Daniels	1946	\N	actor,producer,writer	tt2488496,tt0080684,tt0121766,tt0076759
nm0000356	Sybil Danning	1952	\N	actress,producer,writer	tt0462322,tt0085672,tt0080421,tt0373883
nm0000357	Lolita Davidovich	1961	\N	actress	tt0105217,tt0119432,tt0120684,tt2726560
nm0000358	Daniel Day-Lewis	1957	\N	actor,music_department,soundtrack	tt0217505,tt0443272,tt0104691,tt0469494
nm0000359	Olivier De Funès	1949	\N	actor,writer,soundtrack	tt0064425,tt0066423,tt0065848,tt0059168
nm0000360	Rebecca De Mornay	1959	\N	actress,soundtrack,producer	tt0086200,tt0817177,tt0396269,tt0309698
nm0000361	Brian De Palma	1940	\N	director,writer,producer	tt0086250,tt0117060,tt0106519,tt0094226
nm0000362	Danny DeVito	1944	\N	actor,producer,director	tt0094142,tt0117008,tt0103776,tt0098621
nm0000363	Loren Dean	1969	\N	actor,soundtrack	tt0098258,tt0119177,tt0120660,tt0112384
nm0000364	Sandra Dee	1942	2005	actress,soundtrack	tt0052847,tt0065669,tt0056093,tt0052918
nm0000365	Julie Delpy	1969	\N	actress,writer,director	tt0112471,tt2209418,tt0381681,tt0841044
nm0000366	Catherine Deneuve	1943	\N	actress,soundtrack,producer	tt0808417,tt0061395,tt0168629,tt0059646
nm0000367	Gérard Depardieu	1948	\N	actor,producer,soundtrack	tt0120744,tt0250223,tt0099334,tt0454876
nm0000368	Laura Dern	1967	\N	actress,producer,writer	tt2305051,tt0107290,tt2582846,tt0090756
nm0000369	Matt Dillon	1964	\N	actor,art_department,director	tt0129387,tt0375679,tt0120890,tt0097240
nm0000370	Walt Disney	1901	1966	producer,actor,director	tt0168071,tt0029583,tt0046593,tt0058331
nm0000371	Ami Dolenz	1969	\N	actress,producer,miscellaneous	tt0092718,tt0110913,tt0056758,tt0108339
nm0000372	Amanda Donohoe	1962	\N	actress,producer	tt0110428,tt0119528,tt0068069,tt0095488
nm0000373	Michael Dorn	1952	\N	actor,director,writer	tt0117731,tt0111280,tt0106145,tt0092455
nm0000374	Brad Dourif	1950	\N	actor	tt0073486,tt0087182,tt0167261,tt0373883
nm0000375	Robert Downey Jr.	1965	\N	actor,producer,soundtrack	tt0371746,tt0848228,tt1300854,tt0988045
nm0000376	Fran Drescher	1957	\N	writer,actress,producer	tt1830622,tt0472607,tt0837562,tt0106080
nm0000377	Richard Dreyfuss	1947	\N	actor,producer,soundtrack	tt0075860,tt0073195,tt0076095,tt0113862
nm0000378	Minnie Driver	1970	\N	actress,soundtrack,producer	tt0119229,tt0293508,tt0119217,tt0117665
nm0000379	Kirsten Dunst	1982	\N	actress,producer,director	tt1527186,tt0145487,tt0413300,tt0316654
nm0000380	Robert Duvall	1931	\N	actor,producer,soundtrack	tt0071562,tt0078788,tt0068646,tt0120647
nm0000381	Anthony Edwards	1962	\N	actor,producer,director	tt0088000,tt0443706,tt0108757,tt0092099
nm0000382	Atom Egoyan	1960	\N	director,writer,producer	tt0273435,tt0120255,tt0106504,tt1074929
nm0000383	Jennifer Ehle	1969	\N	actress	tt1790885,tt2392830,tt0112130,tt4919484
nm0000384	Danny Elfman	1953	\N	music_department,soundtrack,composer	tt0319061,tt0367594,tt0107688,tt0121164
nm0000385	Sam Elliott	1944	\N	actor,producer,writer	tt0118715,tt0098206,tt5655222,tt0277434
nm0000386	Roland Emmerich	1955	\N	producer,director,writer	tt0319262,tt1628841,tt0120685,tt0116629
nm0000387	Robert Englund	1947	\N	actor,miscellaneous,director	tt0101917,tt0087800,tt0097981,tt0329101
nm0000388	R. Lee Ermey	1944	\N	actor,miscellaneous,producer	tt0093058,tt0114369,tt0114709,tt0120363
nm0000389	Emilio Estevez	1962	\N	actor,director,writer	tt0096487,tt1441912,tt0088847,tt0308055
nm0000390	Joe Eszterhas	1944	\N	writer,producer,miscellaneous	tt0114436,tt0107711,tt0103772,tt0085549
nm0000391	Rupert Everett	1959	\N	actor,soundtrack,producer	tt0298148,tt0413267,tt0119738,tt1935859
nm0000392	Morgan Fairchild	1950	\N	actress,soundtrack,producer	tt0084652,tt0081858,tt1754944,tt0108778
nm0000393	Peter Falk	1927	2011	actor,producer,soundtrack	tt1466074,tt0093779,tt0072417,tt0093191
nm0000394	Chris Farley	1964	1997	actor,soundtrack,stunts	tt0072562,tt0115697,tt0114694,tt0118708
nm0000395	Terry Farrell	1963	\N	actress	tt0106145,tt0090685,tt0104409,tt0174378
nm0000396	Farrah Fawcett	1947	2009	actress,producer,soundtrack	tt0074812,tt0087010,tt0079285,tt0082136
nm0000397	Corey Feldman	1971	\N	actor,producer,soundtrack	tt0092005,tt0093437,tt0087363,tt0089218
nm0000398	Sally Field	1946	\N	actress,producer,soundtrack	tt0098384,tt0109830,tt0443272,tt0948470
nm0000399	David Fincher	1962	\N	producer,director,actor	tt0114369,tt0443706,tt2267998,tt1285016
nm0000400	Linda Fiorentino	1958	\N	actress,soundtrack	tt0119654,tt0110308,tt0088680,tt0120655
nm0000401	Laurence Fishburne	1961	\N	actor,producer,director	tt1598778,tt0327056,tt0234215,tt0133093
nm0000402	Carrie Fisher	1956	2016	actress,soundtrack,writer	tt0086190,tt0076759,tt2488496,tt0080684
nm0000403	Bridget Fonda	1964	\N	actress,soundtrack	tt0119396,tt0120324,tt0099674,tt0271027
nm0000404	Jane Fonda	1937	\N	actress,producer,soundtrack	tt0080319,tt0062711,tt0369735,tt0067309
nm0000405	Michelle Forbes	1965	\N	actress	tt0844441,tt0835434,tt1637727,tt0407362
nm0000406	John Ford	1894	1973	director,producer,writer	tt0032551,tt0049730,tt0031971,tt0056217
nm0000407	Vivica A. Fox	1964	\N	actress,producer,soundtrack	tt1628841,tt0266697,tt0118688,tt0116629
nm0000408	Jonathan Frakes	1952	\N	actor,director,producer	tt0117731,tt0120844,tt0092455,tt0111280
nm0000409	Brendan Fraser	1968	\N	actor,producer,soundtrack	tt0375679,tt0209163,tt0120616,tt0859163
nm0000410	Stephen Fry	1957	\N	actor,writer,producer	tt1014759,tt1515091,tt0380136,tt0434409
nm0000411	Edward Furlong	1977	\N	actor,producer,soundtrack	tt0103064,tt0120586,tt0126604,tt0165710
nm0000412	Andy Garcia	1956	\N	actor,producer,soundtrack	tt0099674,tt0240772,tt0343996,tt1174730
nm0000413	Janeane Garofalo	1964	\N	actress,writer,producer	tt0132347,tt0243655,tt0382932,tt0120655
nm0000414	Teri Garr	1947	\N	actress,soundtrack	tt0109686,tt0084805,tt0072431,tt0075860
nm0000415	Jami Gertz	1965	\N	actress,producer,executive	tt2182229,tt0320970,tt0117998,tt0093437
nm0000416	Terry Gilliam	1940	\N	writer,actor,animation_department	tt0079470,tt0120669,tt0085959,tt0071853
nm0000417	Crispin Glover	1964	\N	actor,soundtrack,producer	tt1729632,tt0310357,tt0091860,tt0088763
nm0000418	Danny Glover	1946	\N	actor,producer,director	tt0822854,tt0387564,tt0093409,tt0097733
nm0000419	Jean-Luc Godard	1930	\N	director,writer,editor	tt0059592,tt0058898,tt0053472,tt0056663
nm0000420	Valeria Golino	1965	\N	actress,producer,soundtrack	tt0120679,tt0095953,tt0102059,tt0113101
nm0000421	Cuba Gooding Jr.	1968	\N	actor,soundtrack,producer	tt0203019,tt0120889,tt0116695,tt0119822
nm0000422	John Goodman	1952	\N	actor,soundtrack,producer	tt1024648,tt0094540,tt0118715,tt0198781
nm0000423	Serena Grandi	1958	\N	actress	tt0089598,tt1249306,tt0082479,tt2358891
nm0000424	Hugh Grant	1960	\N	actor,soundtrack	tt0125439,tt0109831,tt0276751,tt0314331
nm0000425	Peter Greenaway	1942	\N	director,writer,editor	tt0114134,tt0092929,tt0083851,tt0097108
nm0000426	Jennifer Grey	1960	\N	actress,soundtrack	tt0092890,tt0186894,tt0091042,tt0087985
nm0000427	Pam Grier	1949	\N	actress,soundtrack,writer	tt0228333,tt0119396,tt0101452,tt0116225
nm0000428	D.W. Griffith	1875	1948	director,writer,producer	tt0012532,tt0004972,tt0006864,tt0009968
nm0000429	Melanie Griffith	1957	\N	actress,producer	tt0096463,tt0119558,tt0173716,tt1971325
nm0000430	Steve Guttenberg	1958	\N	actor,producer,soundtrack	tt0089822,tt0091949,tt0087928,tt0091777
nm0000431	Taylor Hackford	1944	\N	producer,director,writer	tt0350258,tt0118971,tt0109642,tt1904996
nm0000432	Gene Hackman	1930	\N	actor,soundtrack,producer	tt0105695,tt0265666,tt0120660,tt0067116
nm0000433	Corey Haim	1971	2010	actor,producer,soundtrack	tt0095519,tt0093437,tt0091445,tt1121931
nm0000434	Mark Hamill	1951	\N	actor,producer,soundtrack	tt0076759,tt4853102,tt0080684,tt0086190
nm0000435	Daryl Hannah	1960	\N	actress,producer,soundtrack	tt0378194,tt0094291,tt0088161,tt0266697
nm0000436	Curtis Hanson	1945	2016	director,producer,writer	tt0298203,tt0388125,tt0119488,tt0185014
nm0000437	Woody Harrelson	1961	\N	actor,producer,soundtrack	tt1156398,tt0117318,tt0110632,tt2356777
nm0000438	Ed Harris	1950	\N	actor,producer,director	tt0112384,tt0274558,tt0120382,tt0800308
nm0000439	Neil Patrick Harris	1973	\N	actor,soundtrack,producer	tt0096569,tt2267998,tt0460649,tt0120201
nm0000440	Nina Hartley	1959	\N	actress,director,producer	tt1282224,tt0115771,tt0118749,tt0090920
nm0000441	Noah Hathaway	1971	\N	actor,miscellaneous	tt0088323,tt0077215,tt0076984,tt0092115
nm0000442	Rutger Hauer	1944	\N	actor,producer,director	tt1640459,tt0083658,tt0372784,tt0091209
nm0000443	Goldie Hawn	1945	\N	actress,producer,soundtrack	tt0104070,tt0093693,tt0116313,tt0116242
nm0000444	Glenne Headly	1955	2017	actress	tt2229499,tt0113862,tt0095031,tt0099422
nm0000445	Dan Hedaya	1940	\N	actor,soundtrack	tt0112697,tt0114814,tt0166924,tt0086979
nm0000446	Mariel Hemingway	1961	\N	actress,soundtrack,producer	tt0079522,tt0094074,tt0086355,tt0101064
nm0000447	Marilu Henner	1952	\N	actress,miscellaneous,producer	tt0098790,tt0102250,tt0087507,tt0077089
nm0000448	Lance Henriksen	1940	\N	actor,miscellaneous	tt0090605,tt0088247,tt0370263,tt0107076
nm0000449	Natasha Henstridge	1974	\N	actress,producer,soundtrack	tt0228333,tt0114508,tt0190138,tt0315064
nm0000450	Philip Seymour Hoffman	1967	2014	actor,producer,soundtrack	tt0379725,tt1560747,tt0918927,tt0472062
nm0000451	Gaby Hoffmann	1982	\N	actress,soundtrack,director	tt0116242,tt0120461,tt0097351,tt0114011
nm0000452	Lauren Holly	1963	\N	actress,producer	tt0364845,tt0207201,tt0109686,tt0065272
nm0000453	Ian Holm	1931	\N	actor,soundtrack,animation_department	tt0120255,tt0120737,tt0088846,tt0167260
nm0000454	Dennis Hopper	1936	2010	actor,director,writer	tt0064276,tt0111257,tt0114898,tt0090756
nm0000455	John Hughes	1950	2009	writer,producer,director	tt0091042,tt0088847,tt0093748,tt0090305
nm0000456	Holly Hunter	1958	\N	actress,producer,soundtrack	tt0317705,tt2975590,tt0190590,tt0107822
nm0000457	John Hurt	1940	2017	actor,soundtrack	tt0078748,tt0167190,tt0087803,tt0080678
nm0000458	William Hurt	1950	\N	actor,producer	tt0120738,tt0399146,tt0080360,tt0118929
nm0000459	Timothy Hutton	1960	\N	actor,producer,director	tt0363988,tt0362269,tt1139328,tt1103987
nm0000460	Jeremy Irons	1948	\N	actor,soundtrack,producer	tt0094964,tt0110357,tt0119558,tt2975590
nm0000461	Michael Ironside	1950	\N	actor,producer,writer	tt0092099,tt0081455,tt0100802,tt0120201
nm0000462	Kate Jackson	1948	\N	actress,producer,director	tt0073972,tt0068126,tt0085088,tt0059978
nm0000463	Famke Janssen	1964	\N	actress,writer,director	tt0185371,tt0376994,tt0120903,tt0113189
nm0000464	Jim Jarmusch	1953	\N	director,writer,actor	tt1714915,tt0412019,tt0165798,tt0088184
nm0000465	Ron Jeremy	1953	\N	actor,director,writer	tt0122690,tt0144117,tt0124819,tt0184858
nm0000466	Jean-Pierre Jeunet	1953	\N	director,writer,producer	tt0211915,tt0344510,tt0101700,tt0112682
nm0000467	Don Johnson	1949	\N	actor,producer,soundtrack	tt2203939,tt0086759,tt0115285,tt1853728
nm0000468	Lynn-Holly Johnson	1958	\N	actress,director	tt0077716,tt0081738,tt0082398,tt0088395
nm0000469	James Earl Jones	1931	\N	actor,soundtrack	tt0086190,tt0099810,tt3748528,tt0094898
nm0000470	Jeffrey Jones	1946	\N	actor	tt0086879,tt0091042,tt0091225,tt0109707
nm0000471	Raul Julia	1940	1994	actor,soundtrack	tt0100404,tt0111301,tt0106220,tt0101272
nm0000472	Boris Karloff	1887	1969	actor,soundtrack	tt0026138,tt0023245,tt0021884,tt0060345
nm0000473	Diane Keaton	1946	\N	actress,producer,director	tt0075686,tt0356680,tt0337741,tt0079522
nm0000474	Michael Keaton	1951	\N	actor,producer,soundtrack	tt2562232,tt1895587,tt0094721,tt4276820
nm0000475	Patsy Kensit	1968	\N	actress,soundtrack	tt0184122,tt0097733,tt0068069,tt0112365
nm0000476	Sally Kirkland	1941	\N	actress,producer,miscellaneous	tt0131369,tt0092569,tt3216866,tt0102138
nm0000477	Mia Kirshner	1975	\N	actress	tt0387877,tt3520702,tt0330251
nm0000478	Tawny Kitaen	1961	\N	actress,producer	tt0087903,tt0111999,tt0086793,tt0086927
nm0000479	Walter Koenig	1936	\N	actor,writer,producer	tt0084726,tt0088170,tt0092007,tt0102975
nm0000480	Elias Koteas	1961	\N	actor,producer	tt0120863,tt0115964,tt0114194,tt0822854
nm0000481	Alice Krige	1954	\N	actress,producer,writer	tt0384537,tt1981115,tt0117731,tt0105428
nm0000482	Sylvia Kristel	1952	2012	actress,soundtrack,director	tt0071464,tt0082948,tt0072933,tt0082640
nm0000483	Christopher Lambert	1957	\N	actor,producer,writer	tt0091203,tt0102034,tt0106950,tt0113855
nm0000484	John Landis	1950	\N	producer,director,actor	tt0118747,tt0082010,tt0086491,tt0080455
nm0000485	Fritz Lang	1890	1976	director,writer,producer	tt0023563,tt0027652,tt0017136,tt0022100
nm0000486	Heather Langenkamp	1964	\N	actress,special_effects,make_up_department	tt0087800,tt1408101,tt0111686,tt0093629
nm0000487	Ang Lee	1954	\N	director,producer,writer	tt0286716,tt0388795,tt0454876,tt0190332
nm0000488	Brandon Lee	1965	1993	actor,miscellaneous	tt0099978,tt0105219,tt0109506,tt0102915
nm0000489	Christopher Lee	1922	2015	actor,soundtrack,producer	tt0070917,tt0120737,tt0121765,tt0167261
nm0000490	Spike Lee	1957	\N	director,producer,writer	tt0091939,tt0102175,tt0097216,tt0104797
nm0000491	John Leguizamo	1964	\N	actor,writer,producer	tt0119887,tt0117509,tt0120177,tt0203009
nm0000492	Jennifer Jason Leigh	1962	\N	actress,producer,soundtrack	tt0361862,tt0120907,tt0257044,tt3460252
nm0000493	Jack Lemmon	1925	2001	actor,soundtrack,producer	tt0107050,tt0053291,tt0104348,tt0053604
nm0000494	Robert Sean Leonard	1969	\N	actor,soundtrack	tt0412142,tt0097165,tt0108265,tt0275719
nm0000495	Téa Leoni	1966	\N	actress,producer	tt0218967,tt0120647,tt0163025,tt0369441
nm0000496	Juliette Lewis	1973	\N	actress,soundtrack,director	tt0110632,tt0101540,tt1322269,tt0116367
nm0000497	Jennifer Lien	1974	\N	actress,producer,miscellaneous	tt0057731,tt0112178,tt0120586,tt0133189
nm0000498	Matthew Lillard	1970	\N	actor,producer,soundtrack	tt0267913,tt0133189,tt1033575,tt0331632
nm0000499	Bai Ling	1966	\N	actress,producer,writer	tt0109506,tt0346156,tt0420251,tt0166485
nm0000500	Richard Linklater	1960	\N	producer,director,writer	tt0112471,tt1065073,tt0381681,tt2209418
nm0000501	Ray Liotta	1954	\N	actor,producer,soundtrack	tt0212985,tt0309698,tt0475394,tt0099685
nm0000502	Christopher Lloyd	1938	\N	actor,soundtrack	tt0099088,tt0088763,tt0096438,tt0096874
nm0000503	Emily Lloyd	1970	\N	actress	tt0094331,tt0114917,tt0105265,tt0097570
nm0000504	Amy Locane	1971	\N	actress,soundtrack	tt0109306,tt0109068,tt0099329,tt0274812
nm0000505	Nia Long	1970	\N	actress,soundtrack	tt0208003,tt0181984,tt0113118,tt0044265
nm0000506	Julia Louis-Dreyfus	1961	\N	actress,producer,soundtrack	tt0462128,tt1759761,tt0098904,tt0120623
nm0000507	Rob Lowe	1964	\N	actor,producer,soundtrack	tt0090060,tt0105793,tt1058017,tt0086066
nm0000508	Carey Lowell	1961	\N	actress	tt0098844,tt0113627,tt0108160,tt0097742